order_id,reviewer,star_rating,quote,matched_product_id,matched_product_title,score,reason
3729143509,Claudia,5,"sehr schöner Druck , Sommer pur ,  ))",72edef4e-71ab-4bec-a0d0-535ae98c969a,Colorful Abstract Floral Botanical Print | Vibrant Acrylic Painting Texture | Modern Living Room Decor | Printable Contemporary Wall Art,1.346,auto_matched
3675968011,Natty,5,The blue was a bit brighter than image showed but I probably could have adjusted it on my printer maybe,7fbf5b22-fc20-4730-84ea-1a626de6d28b,Sardine Print | Retro Fish Wall Art | Vintage Kitchen Seafood Decor | Colorful Pike Artwork | Eclectic Coastal Dining Room Food Poster,1.274,auto_matched
3547514465,T C,5,Gorgeous when printed on matte paper!,7242357a-66f1-46c7-aefb-027d8b668415,"Dancing Witches Wall Art – Vintage Gothic Fire Print, Dark Academia Decor (Digital Download)",1.357,auto_matched
3551309788,Suzanne,5,"Easy to use, can’t wait till my print comes",7242357a-66f1-46c7-aefb-027d8b668415,"Dancing Witches Wall Art – Vintage Gothic Fire Print, Dark Academia Decor (Digital Download)",1.357,auto_matched
3330497734,Emily,5,Beautiful print and great quality.,84cd8335-6e53-4470-919b-6aebbfb546c2,Vintage Wildflower Field Landscape Print | Coastal Spring Flowers & Cloudy Sky (Digital Download),1.346,auto_matched
3337372618,TheBijouxButterfly,5,"Quick transaction, easy download, 10/10 would purchase again.",7242357a-66f1-46c7-aefb-027d8b668415,"Dancing Witches Wall Art – Vintage Gothic Fire Print, Dark Academia Decor (Digital Download)",1.357,auto_matched
3237302238,Meghan,5,This is a great product!,b6eaa910-e3c4-457f-8359-8fd3f10225c6,Vibrant Colorful Wildflower Art Set of 3 – Bright Watercolor Floral Prints (Digital Download),1.231,auto_matched
3233453750,Alexandra,5,Loved it for my daughter’s room! It was easy to print and came out with clarity and vibrant colors! So cute.,b6eaa910-e3c4-457f-8359-8fd3f10225c6,Vibrant Colorful Wildflower Art Set of 3 – Bright Watercolor Floral Prints (Digital Download),1.231,auto_matched
3228113383,Rhiannon,5,,b6eaa910-e3c4-457f-8359-8fd3f10225c6,Vibrant Colorful Wildflower Art Set of 3 – Bright Watercolor Floral Prints (Digital Download),1.231,auto_matched
3227968979,Rachel,5,Perfect for my daughters nursery,b6eaa910-e3c4-457f-8359-8fd3f10225c6,Vibrant Colorful Wildflower Art Set of 3 – Bright Watercolor Floral Prints (Digital Download),1.231,auto_matched
3205533069,Jessie,5,Looks perfect in my office !!,b6eaa910-e3c4-457f-8359-8fd3f10225c6,Vibrant Colorful Wildflower Art Set of 3 – Bright Watercolor Floral Prints (Digital Download),1.231,auto_matched
3223864287,Karolyna,5,The images came out great. They looked really cute,b6eaa910-e3c4-457f-8359-8fd3f10225c6,Vibrant Colorful Wildflower Art Set of 3 – Bright Watercolor Floral Prints (Digital Download),1.231,auto_matched
3207422771,Tyra,5,,b6eaa910-e3c4-457f-8359-8fd3f10225c6,Vibrant Colorful Wildflower Art Set of 3 – Bright Watercolor Floral Prints (Digital Download),1.231,auto_matched
3184317673,Abigail,4,Looks great! Little confusing on how to download and the different size dimensions.,b6eaa910-e3c4-457f-8359-8fd3f10225c6,Vibrant Colorful Wildflower Art Set of 3 – Bright Watercolor Floral Prints (Digital Download),1.231,auto_matched
3201194212,Jenn,5,So pleased with these prints.  They turned out great!,b6eaa910-e3c4-457f-8359-8fd3f10225c6,Vibrant Colorful Wildflower Art Set of 3 – Bright Watercolor Floral Prints (Digital Download),1.231,auto_matched
3218740420,Reneé,4,The colours are nice and suit the frame I found perfectly.,7242357a-66f1-46c7-aefb-027d8b668415,"Dancing Witches Wall Art – Vintage Gothic Fire Print, Dark Academia Decor (Digital Download)",1.357,auto_matched
3202547194,Krystle,5,Beautiful images and printed perfectly,b6eaa910-e3c4-457f-8359-8fd3f10225c6,Vibrant Colorful Wildflower Art Set of 3 – Bright Watercolor Floral Prints (Digital Download),1.231,auto_matched
3146522929,Nadja,5,Ein wunderschönes Bild! Habe es mir auf eine Leinwand drucken lassen und kann es jetzt jeden Tag bestaunen 😍,7242357a-66f1-46c7-aefb-027d8b668415,"Dancing Witches Wall Art – Vintage Gothic Fire Print, Dark Academia Decor (Digital Download)",1.357,auto_matched
3095256943,Lauren,5,Love it so much thank you,7242357a-66f1-46c7-aefb-027d8b668415,"Dancing Witches Wall Art – Vintage Gothic Fire Print, Dark Academia Decor (Digital Download)",1.357,auto_matched
3032510477,brokendoll1029,5,"Excellent quality, bright and clear.  Very happy!",7242357a-66f1-46c7-aefb-027d8b668415,"Dancing Witches Wall Art – Vintage Gothic Fire Print, Dark Academia Decor (Digital Download)",1.357,auto_matched
